region,zone,district,year,llins_epi_u6m,llins_epi_611m,llins_epi_1223m,llins_epi_2459m,llins_epi,llins_anc1,llins_anc2,llins_anc
region_11,zone_70,district_163,2018,210,2046,263,178,2700,3009,968,3977
region_11,zone_70,district_163,2017,58,290,85,49,483,808,389,1197
region_11,zone_70,district_163,2019,170,2466,237,77,2952,3687,735,4423
region_11,zone_70,district_163,2020,168,2207,459,179,3016,3712,776,4489
region_11,zone_27,district_200,2018,0,647,63,50,761,927,73,1001
region_11,zone_27,district_200,2017,8,507,82,82,680,1022,54,1077
region_11,zone_27,district_200,2020,0,802,33,44,880,1156,92,1249
region_11,zone_27,district_200,2019,5,394,37,65,503,807,82,890
region_11,zone_58,district_245,2017,1,28,8,2,41,218,46,264
region_11,zone_58,district_245,2018,53,150,39,28,271,593,70,663
region_11,zone_58,district_245,2020,36,566,31,25,660,923,79,1003
region_11,zone_58,district_245,2019,61,205,58,43,368,816,57,873
region_11,zone_01,district_168,2017,21,1935,48,14,2020,2260,312,2572
region_11,zone_01,district_168,2018,9,2201,54,2,2267,2302,484,2786
region_11,zone_01,district_168,2019,73,1586,59,13,1732,1685,221,1907
region_11,zone_01,district_168,2020,146,2493,143,5,2789,3131,583,3714
region_11,zone_53,district_055,2017,27,204,14,2,249,273,80,354
region_11,zone_53,district_055,2018,34,276,26,1,338,384,11,395
region_11,zone_53,district_055,2019,24,336,5,0,366,398,51,450
region_11,zone_53,district_055,2020,5,348,0,0,353,444,62,506
region_11,zone_20,district_204,2017,18,148,3,2,173,309,29,339
region_11,zone_20,district_204,2018,4,436,1,0,443,763,37,801
region_11,zone_20,district_204,2019,0,679,0,0,679,1064,27,1091
region_11,zone_20,district_204,2020,0,769,0,0,769,1107,0,1107
region_11,zone_28,district_190,2017,544,2969,358,148,4020,4926,1558,6484
region_11,zone_28,district_190,2018,860,3383,345,193,4783,7019,1854,8874
region_11,zone_28,district_190,2020,1624,5867,343,62,7897,8282,1587,9869
region_11,zone_28,district_190,2019,428,1622,187,76,2314,4436,1023,5460
region_11,zone_28,district_034,2017,78,3201,1478,193,4952,4117,5499,9617
region_11,zone_28,district_034,2018,51,4119,914,17,5103,5449,4350,9799
region_11,zone_28,district_034,2020,0,5785,17,6,5809,8595,419,9015
region_11,zone_28,district_034,2019,20,5600,478,3,6102,8148,997,9146
region_11,zone_53,district_087,2017,74,2861,111,7,3055,3230,1183,4414
region_11,zone_53,district_087,2018,16,2704,19,1,2741,3452,901,4354
region_11,zone_53,district_087,2020,0,3192,219,0,3411,4199,407,4606
region_11,zone_53,district_087,2019,21,3413,90,0,3525,4083,725,4808
region_11,zone_20,district_081,2017,526,1104,195,203,2030,2328,404,2732
region_11,zone_20,district_081,2018,112,1947,7,1,2068,2726,240,2967
region_11,zone_20,district_081,2020,29,2372,204,20,2626,2996,165,3162
region_11,zone_20,district_081,2019,81,2294,41,71,2489,2788,193,2981
region_11,zone_28,district_160,2018,9,948,0,0,957,1779,168,1947
region_11,zone_28,district_160,2017,3,516,9,10,540,850,221,1071
region_11,zone_28,district_160,2020,0,693,7,0,701,1336,86,1422
region_11,zone_28,district_160,2019,0,938,4,0,943,1535,192,1728
region_11,zone_53,district_117,2018,13,23,5,5,47,471,23,495
region_11,zone_53,district_117,2017,18,98,14,17,150,535,24,560
region_11,zone_53,district_117,2020,32,78,4,0,115,850,19,870
region_11,zone_53,district_117,2019,41,53,11,10,116,635,29,664
region_11,zone_28,district_167,2017,122,2484,13,26,2646,4012,298,4310
region_11,zone_28,district_167,2018,0,3090,41,4,3136,4134,147,4282
region_11,zone_28,district_167,2019,4,3298,20,5,3328,4293,145,4439
region_11,zone_28,district_167,2020,8,2263,0,0,2271,3045,183,3229
region_11,zone_16,district_240,2017,4,1151,31,11,1198,938,38,976
region_11,zone_16,district_240,2018,0,1164,2,0,1166,1153,22,1175
region_11,zone_16,district_240,2020,14,1292,10,3,1320,1597,31,1628
region_11,zone_16,district_240,2019,8,641,3,0,653,840,8,848
region_11,zone_01,district_041,2017,119,1456,124,43,1742,3537,544,4081
region_11,zone_01,district_041,2018,42,2014,19,2,2079,3552,263,3815
region_11,zone_01,district_041,2019,34,1273,0,1,1309,2257,365,2622
region_11,zone_01,district_041,2020,0,2956,0,0,2957,4887,169,5056
region_11,zone_44,district_096,2018,0,1228,35,18,1283,1572,85,1658
region_11,zone_44,district_096,2017,18,1354,81,34,1488,1989,60,2049
region_11,zone_44,district_096,2020,5,1129,29,0,1164,1706,141,1847
region_11,zone_44,district_096,2019,4,1095,5,0,1106,1868,76,1944
region_11,zone_28,district_258,2018,5,836,15,1,858,1011,242,1254
region_11,zone_28,district_258,2017,3,1204,31,15,1254,1491,52,1543
region_11,zone_28,district_258,2020,4,2010,6,0,2021,1355,34,1389
region_11,zone_28,district_258,2019,11,619,7,1,640,856,58,915
region_11,zone_28,district_171,2018,8,2939,68,0,3016,4501,208,4710
region_11,zone_28,district_171,2017,32,3178,31,16,3260,5648,304,5953
region_11,zone_28,district_171,2019,0,2188,2,0,2191,3049,193,3242
region_11,zone_28,district_171,2020,67,3206,102,20,3396,4956,178,5134
region_11,zone_28,district_170,2017,1,486,12,0,500,1038,336,1374
region_11,zone_28,district_170,2018,3,759,4,15,782,1170,218,1389
region_11,zone_28,district_170,2019,0,1024,0,0,1024,1239,244,1484
region_11,zone_28,district_170,2020,0,1029,30,0,1060,1360,272,1633
region_11,zone_01,district_194,2018,0,656,0,0,656,1115,43,1159
region_11,zone_01,district_194,2017,8,643,25,7,686,866,203,1069
region_11,zone_01,district_194,2019,0,524,0,0,524,791,47,839
region_11,zone_01,district_194,2020,0,606,0,0,606,816,84,901
region_11,zone_54,district_159,2018,7,396,3,3,410,790,125,915
region_11,zone_54,district_159,2017,5,735,11,0,753,1241,105,1346
region_11,zone_54,district_159,2020,51,1439,140,155,1786,2260,668,2929
region_11,zone_54,district_159,2019,30,522,10,13,577,977,103,1080
region_11,zone_28,district_038,2018,0,1221,76,0,1298,1024,199,1224
region_11,zone_28,district_038,2017,7,1550,36,0,1595,1229,170,1400
region_11,zone_28,district_038,2020,11,1606,83,14,1716,1399,161,1561
region_11,zone_28,district_038,2019,15,684,12,7,719,879,82,961
region_11,zone_44,district_068,2017,46,72,23,22,164,299,199,499
region_11,zone_44,district_068,2018,184,305,93,53,636,763,326,1090
region_11,zone_44,district_068,2020,10,475,12,0,498,753,50,804
region_11,zone_44,district_068,2019,138,513,53,10,716,911,197,1109
region_11,zone_27,district_165,2018,216,1934,246,72,2470,3730,301,4031
region_11,zone_27,district_165,2017,81,1352,146,63,1643,2966,489,3455
region_11,zone_27,district_165,2020,0,2617,0,0,2617,3562,203,3765
region_11,zone_27,district_165,2019,25,2978,27,0,3031,4128,279,4408
region_11,zone_66,district_112,2017,22,823,57,3,906,1504,488,1992
region_11,zone_66,district_112,2018,46,1548,63,4,1662,2193,650,2844
region_11,zone_66,district_112,2020,0,1353,7,16,1377,2312,1483,3796
region_11,zone_66,district_112,2019,0,1448,73,9,1530,2369,521,2891
region_11,zone_58,district_119,2017,68,129,42,86,326,578,361,940
region_11,zone_58,district_119,2018,18,254,13,69,356,546,92,638
region_11,zone_58,district_119,2020,0,519,0,0,519,726,141,867
region_11,zone_58,district_119,2019,0,292,0,1,293,503,4,507
region_11,zone_01,district_069,2018,15,2753,343,87,3199,5106,1374,6481
region_11,zone_01,district_069,2017,45,1266,27,23,1363,3249,572,3822
region_11,zone_01,district_069,2020,0,4435,0,0,4435,7342,0,7342
region_11,zone_01,district_069,2019,0,3995,103,50,4149,6753,46,6800
region_11,zone_44,district_158,2017,112,1859,15,4,1991,3114,312,3426
region_11,zone_44,district_158,2018,73,2943,32,11,3060,3685,699,4385
region_11,zone_44,district_158,2019,138,2187,69,4,2399,4400,1151,5551
region_11,zone_44,district_158,2020,44,3848,67,5,3965,6802,1007,7810
region_11,zone_20,district_056,2018,85,1302,40,3,1430,3111,308,3419
region_11,zone_20,district_056,2017,24,261,2,1,290,1257,146,1404
region_11,zone_20,district_056,2019,0,4242,8,0,4251,7904,195,8099
region_11,zone_20,district_056,2020,0,5399,0,0,5399,8810,0,8810
region_11,zone_53,district_260,2018,4,789,22,0,816,1336,161,1498
region_11,zone_53,district_260,2017,10,116,6,2,136,340,62,403
region_11,zone_53,district_260,2019,0,1323,7,0,1330,1896,14,1910
region_11,zone_53,district_260,2020,0,1460,1,0,1462,1921,1,1922
region_08,zone_23,district_180,2018,123,1651,420,247,2443,7763,160,7923
region_08,zone_23,district_180,2017,288,2903,291,98,3582,7603,293,7896
region_08,zone_23,district_180,2020,140,3797,149,73,4160,11760,185,11946
region_08,zone_23,district_180,2019,171,3925,185,81,4363,10634,450,11084
region_08,zone_48,district_077,2018,33,5359,67,0,5460,5608,51,5660
region_08,zone_48,district_077,2017,6,4312,178,37,4536,4076,591,4667
region_08,zone_48,district_077,2020,0,4658,9,0,4668,5590,345,5935
region_08,zone_48,district_077,2019,3,5446,33,6,5489,6280,79,6360
region_08,zone_42,district_045,2017,28,1225,65,0,1318,1377,217,1595
region_08,zone_42,district_045,2018,14,1158,37,10,1221,1220,368,1589
region_08,zone_42,district_045,2020,0,1827,51,7,1886,2150,103,2254
region_08,zone_42,district_045,2019,0,1519,61,0,1580,1795,207,2003
region_08,zone_83,district_004,2017,109,1727,77,8,1923,3614,576,4190
region_08,zone_83,district_004,2018,85,1139,56,48,1329,2559,881,3441
region_08,zone_83,district_004,2019,38,757,29,5,830,1995,407,2402
region_08,zone_83,district_004,2020,12,3855,0,0,3867,5423,0,5423
region_08,zone_05,district_147,2017,484,934,482,400,2301,2112,655,2767
region_08,zone_05,district_147,2018,346,1277,216,111,1952,2069,336,2406
region_08,zone_05,district_147,2019,166,848,89,26,1130,1772,210,1982
region_08,zone_05,district_147,2020,13,1337,64,19,1434,2300,402,2702
region_08,zone_42,district_225,2017,4,1846,9,0,1861,1787,20,1808
region_08,zone_42,district_225,2018,0,1979,7,0,1987,1958,21,1980
region_08,zone_42,district_225,2020,12,1270,12,0,1295,1738,53,1792
region_08,zone_42,district_225,2019,0,1612,10,1,1625,2089,32,2121
region_08,zone_60,district_140,2018,37,2224,142,79,2483,2871,169,3041
region_08,zone_60,district_140,2017,37,1485,22,31,1577,2512,166,2679
region_08,zone_60,district_140,2019,10,2151,51,3,2216,2997,227,3224
region_08,zone_60,district_140,2020,67,3176,75,22,3341,3917,0,3917
region_08,zone_48,district_142,2018,1137,1524,247,142,3051,3374,1322,4696
region_08,zone_48,district_142,2017,906,938,172,112,2129,2055,772,2827
region_08,zone_48,district_142,2019,212,2981,136,39,3369,3627,690,4317
region_08,zone_48,district_142,2020,16,3015,0,0,3032,3817,402,4220
region_08,zone_82,district_198,2017,954,3915,205,99,5175,6801,395,7197
region_08,zone_82,district_198,2018,139,5438,87,44,5709,7181,1043,8225
region_08,zone_82,district_198,2019,7,7680,89,0,7777,9456,1651,11108
region_08,zone_82,district_198,2020,19,6426,0,0,6446,8520,2369,10890
region_08,zone_23,district_146,2018,148,3010,15,6,3180,5055,184,5239
region_08,zone_23,district_146,2017,120,1290,8,2,1422,2650,226,2876
region_08,zone_23,district_146,2020,0,5561,0,0,5561,6292,0,6292
region_08,zone_23,district_146,2019,48,5094,21,4,5168,6528,149,6678
region_08,zone_25,district_052,2018,42,1263,53,0,1360,1757,784,2541
region_08,zone_25,district_052,2017,257,1458,48,15,1779,1929,555,2485
region_08,zone_25,district_052,2019,12,1818,60,21,1911,2419,995,3414
region_08,zone_25,district_052,2020,8,1241,52,9,1312,1747,594,2341
region_08,zone_78,district_264,2017,353,814,111,3,1282,5716,1659,7375
region_08,zone_78,district_264,2018,115,2143,320,208,2788,10120,3381,13501
region_08,zone_78,district_264,2020,34,1708,181,15,1939,10694,973,11667
region_08,zone_78,district_264,2019,153,2931,340,247,3672,8873,1485,10359
region_08,zone_84,district_172,2017,30,1666,32,13,1742,1675,47,1722
region_08,zone_84,district_172,2018,16,1951,29,18,2016,1990,217,2208
region_08,zone_84,district_172,2019,13,1585,23,7,1630,1460,114,1574
region_08,zone_84,district_172,2020,35,2963,4,10,3013,3444,215,3660
region_08,zone_84,district_201,2018,35,1658,141,15,1851,2528,1192,3720
region_08,zone_84,district_201,2017,78,1638,231,25,1974,2009,1570,3579
region_08,zone_84,district_201,2020,26,2889,139,3,3059,3932,781,4714
region_08,zone_84,district_201,2019,20,1570,125,13,1729,2625,985,3611
region_08,zone_05,district_177,2018,0,1915,18,4,1937,2044,397,2441
region_08,zone_05,district_177,2017,5,1564,32,0,1602,2542,270,2812
region_08,zone_05,district_177,2019,0,801,4,0,805,1285,394,1679
region_08,zone_05,district_177,2020,0,2428,3,0,2431,3535,210,3745
region_08,zone_82,district_223,2018,218,4588,15,0,4821,7735,1227,8962
region_08,zone_82,district_223,2017,327,4479,44,18,4870,8384,1299,9684
region_08,zone_82,district_223,2019,70,7306,55,5,7437,9058,1238,10296
region_08,zone_82,district_223,2020,0,6592,0,0,6592,10507,1388,11896
region_08,zone_24,district_107,2018,940,3914,404,0,5259,8382,551,8933
region_08,zone_24,district_107,2017,396,2654,315,61,3428,6532,833,7366
region_08,zone_24,district_107,2019,272,4814,27,0,5114,8131,417,8549
region_08,zone_24,district_107,2020,0,6102,49,0,6152,8556,91,8647
region_08,zone_82,district_046,2018,359,446,81,99,987,1010,342,1352
region_08,zone_82,district_046,2017,283,201,51,34,572,711,377,1089
region_08,zone_82,district_046,2020,0,766,0,0,766,1114,391,1506
region_08,zone_82,district_046,2019,0,566,22,0,589,875,56,931
region_08,zone_83,district_039,2017,384,4925,444,305,6060,7496,271,7768
region_08,zone_83,district_039,2018,531,2141,250,227,3150,5676,370,6046
region_08,zone_83,district_039,2020,1268,2453,77,28,3827,7475,809,8285
region_08,zone_83,district_039,2019,61,1686,56,75,1879,5946,277,6224
region_08,zone_82,district_024,2018,942,1443,473,449,3308,3266,601,3868
region_08,zone_82,district_024,2017,1604,2289,1518,1976,7390,4109,1825,5934
region_08,zone_82,district_024,2020,87,2730,82,74,2975,5470,608,6079
region_08,zone_82,district_024,2019,194,2712,100,215,3223,5030,519,5550
region_08,zone_45,district_186,2018,331,4083,113,14,4544,6957,1142,8100
region_08,zone_45,district_186,2017,66,5339,104,0,5511,8429,1085,9515
region_08,zone_45,district_186,2019,6,6496,199,0,6703,9583,522,10106
region_08,zone_45,district_186,2020,0,6705,95,0,6801,9096,1108,10205
region_08,zone_48,district_025,2017,18,2542,133,25,2718,2917,1051,3969
region_08,zone_48,district_025,2018,0,1477,102,6,1586,2324,234,2558
region_08,zone_48,district_025,2020,0,3086,0,0,3086,3606,1163,4770
region_08,zone_48,district_025,2019,0,1937,8,0,1945,2319,52,2372
region_08,zone_23,district_145,2017,3870,4306,1926,4949,15053,10636,2903,13539
region_08,zone_23,district_145,2018,1573,5951,956,3560,12042,10742,1338,12080
region_08,zone_23,district_145,2020,36,7901,0,0,7938,14183,2376,16559
region_08,zone_23,district_145,2019,0,8742,0,0,8742,14402,69,14471
region_08,zone_75,district_268,2018,116,1356,49,27,1550,2241,92,2334
region_08,zone_75,district_268,2017,84,638,23,11,758,1105,97,1203
region_08,zone_75,district_268,2019,22,1991,0,0,2013,2637,61,2698
region_08,zone_75,district_268,2020,3,2337,2,0,2344,2981,0,2981
region_08,zone_10,district_048,2018,2,3440,29,87,3561,5295,151,5447
region_08,zone_10,district_048,2017,311,1868,127,39,2347,3837,241,4079
region_08,zone_10,district_048,2019,1,3668,1,21,3692,5049,269,5319
region_08,zone_10,district_048,2020,0,3984,0,0,3984,4981,54,5036
region_08,zone_24,district_059,2018,24,1163,38,3,1230,1725,413,2138
region_08,zone_24,district_059,2017,62,1846,10,17,1937,2571,273,2845
region_08,zone_24,district_059,2020,18,1054,39,4,1116,1525,326,1852
region_08,zone_24,district_059,2019,55,1725,46,13,1840,2219,313,2532
region_08,zone_84,district_130,2017,49,873,65,14,1003,1584,417,2002
region_08,zone_84,district_130,2018,67,1213,43,20,1344,1852,490,2342
region_08,zone_84,district_130,2020,24,2160,16,4,2205,2548,270,2818
region_08,zone_84,district_130,2019,76,1599,124,98,1898,2088,224,2312
region_08,zone_13,district_134,2017,332,2004,244,222,2804,2563,501,3065
region_08,zone_13,district_134,2018,112,1841,128,104,2187,1780,385,2165
region_08,zone_13,district_134,2020,47,2545,17,0,2610,3148,711,3859
region_08,zone_13,district_134,2019,43,2768,115,17,2943,2961,28,2990
region_08,zone_75,district_293,2018,5,3995,131,28,4161,4697,179,4877
region_08,zone_75,district_293,2017,23,2272,22,39,2357,3513,110,3623
region_08,zone_75,district_293,2019,2,3209,85,4,3301,3905,204,4110
region_08,zone_75,district_293,2020,7,4440,100,15,4563,5134,249,5383
region_08,zone_42,district_053,2017,126,753,85,89,1055,1207,367,1575
region_08,zone_42,district_053,2018,32,733,44,13,824,1051,315,1366
region_08,zone_42,district_053,2020,9,987,17,4,1018,1316,201,1518
region_08,zone_42,district_053,2019,29,942,33,17,1022,1257,283,1540
region_08,zone_75,district_176,2018,2,1507,8,3,1521,1925,141,2066
region_08,zone_75,district_176,2017,5,1952,21,0,1980,4077,216,4293
region_08,zone_75,district_176,2020,1,1813,2,38,1855,1774,53,1827
region_08,zone_75,district_176,2019,6,1979,58,0,2045,1819,16,1836
region_08,zone_48,district_254,2018,984,74,5,8,1072,1427,186,1614
region_08,zone_48,district_254,2017,1330,147,17,93,1588,1863,606,2469
region_08,zone_48,district_254,2020,4,2063,0,0,2068,2649,103,2753
region_08,zone_48,district_254,2019,0,1564,8,0,1573,2353,5,2358
region_08,zone_12,district_286,2017,3,160,0,0,164,300,7,308
region_08,zone_12,district_286,2018,3,356,4,3,368,569,48,618
region_08,zone_12,district_286,2020,4,474,8,0,487,714,65,780
region_08,zone_12,district_286,2019,4,678,6,1,690,997,53,1051
region_08,zone_24,district_006,2017,172,3298,349,135,3956,5588,838,6426
region_08,zone_24,district_006,2018,77,2341,99,49,2567,4548,746,5295
region_08,zone_24,district_006,2019,1006,1874,75,3,2959,3251,530,3781
region_08,zone_24,district_006,2020,68,2259,56,2,2387,4478,548,5026
region_08,zone_81,district_065,2018,212,5453,148,66,5881,8607,461,9068
region_08,zone_81,district_065,2017,911,4526,746,662,6846,8823,1601,10425
region_08,zone_81,district_065,2019,167,8054,478,109,8809,10818,345,11164
region_08,zone_81,district_065,2020,41,7257,105,38,7443,10926,159,11086
region_08,zone_83,district_071,2018,0,3701,203,50,3955,5134,473,5608
region_08,zone_83,district_071,2017,26,4397,56,50,4531,4695,87,4783
region_08,zone_83,district_071,2019,0,2247,71,25,2344,3796,371,4167
region_08,zone_83,district_071,2020,19,12420,213,14,12668,6743,470,7214
region_08,zone_84,district_237,2018,69,827,3,1,901,1006,98,1105
region_08,zone_84,district_237,2017,315,763,22,3,1104,1324,273,1598
region_08,zone_84,district_237,2019,0,674,2,0,677,828,4,832
region_08,zone_84,district_237,2020,0,1280,0,0,1280,1588,293,1881
region_08,zone_05,district_222,2017,1387,1723,165,91,3368,2919,2353,5272
region_08,zone_05,district_222,2018,556,2079,39,0,2675,2501,267,2768
region_08,zone_05,district_222,2019,0,1909,4,0,1913,2180,36,2217
region_08,zone_05,district_222,2020,47,3949,0,0,3997,3833,1316,5149
region_08,zone_23,district_169,2017,3515,5232,4659,6229,19636,6038,3607,9645
region_08,zone_23,district_169,2018,3240,5182,3992,5086,17501,8019,3212,11231
region_08,zone_23,district_169,2020,425,5774,87,46,6334,8292,331,8624
region_08,zone_23,district_169,2019,661,6748,195,362,7969,8629,490,9119
region_08,zone_83,district_099,2017,245,6675,164,24,7110,11125,370,11495
region_08,zone_83,district_099,2018,690,8542,302,126,9661,11540,158,11698
region_08,zone_83,district_099,2020,115,9146,107,0,9369,12372,245,12618
region_08,zone_83,district_099,2019,222,10155,289,87,10754,12515,132,12647
region_08,zone_84,district_206,2018,0,303,7,0,310,488,120,609
region_08,zone_84,district_206,2017,3,402,88,4,498,378,233,611
region_08,zone_84,district_206,2019,0,233,0,0,233,396,25,421
region_08,zone_84,district_206,2020,0,414,1,0,415,575,107,683
region_08,zone_13,district_076,2018,343,13753,66,1916,16079,31040,2968,34009
region_08,zone_13,district_076,2017,332,14178,221,557,15289,24944,3311,28256
region_08,zone_13,district_076,2019,107,19963,103,29,20203,29393,3814,33207
region_08,zone_13,district_076,2020,0,21134,0,0,21134,32956,2806,35762
region_08,zone_83,district_020,2017,89,606,25,4,727,1885,331,2217
region_08,zone_83,district_020,2018,61,789,9,22,882,3025,358,3383
region_08,zone_83,district_020,2019,58,2280,11,0,2349,3497,126,3623
region_08,zone_83,district_020,2020,1,2536,0,3,2541,3195,401,3597
region_08,zone_13,district_094,2018,0,786,26,8,821,1802,113,1916
region_08,zone_13,district_094,2017,57,1016,52,27,1154,2010,276,2287
region_08,zone_13,district_094,2020,51,1299,39,17,1408,2015,197,2213
region_08,zone_13,district_094,2019,0,566,35,5,606,1145,148,1293
region_08,zone_05,district_075,2017,254,2803,156,95,3309,4165,753,4918
region_08,zone_05,district_075,2018,223,4845,150,372,5592,4859,415,5274
region_08,zone_05,district_075,2020,0,4759,50,0,4810,5392,5,5397
region_08,zone_05,district_075,2019,0,4400,45,0,4446,5045,201,5247
region_08,zone_84,district_213,2017,72,1472,82,24,1652,1585,1199,2785
region_08,zone_84,district_213,2018,128,1877,34,59,2100,1892,1393,3285
region_08,zone_84,district_213,2020,31,1497,41,62,1632,2137,1980,4117
region_08,zone_84,district_213,2019,84,2124,174,72,2456,2107,2410,4518
region_08,zone_60,district_289,2017,5,2861,11,0,2878,2650,134,2784
region_08,zone_60,district_289,2018,34,4258,25,11,4330,3212,152,3365
region_08,zone_60,district_289,2020,0,3182,12,0,3195,2839,154,2994
region_08,zone_60,district_289,2019,0,2676,4,0,2681,2398,283,2681
region_08,zone_81,district_273,2017,2,996,73,11,1083,1077,482,1560
region_08,zone_81,district_273,2018,0,956,27,0,984,1227,199,1427
region_08,zone_81,district_273,2020,0,1323,0,0,1323,1438,165,1603
region_08,zone_81,district_273,2019,0,1029,9,1,1040,1204,148,1353
region_08,zone_05,district_183,2017,1926,1600,914,407,4848,4903,1397,6301
region_08,zone_05,district_183,2018,2377,2206,1367,1033,6984,4188,2869,7057
region_08,zone_05,district_183,2019,0,5159,3,5,5167,5962,8,5971
region_08,zone_05,district_183,2020,0,4262,0,0,4262,4058,1233,5291
region_08,zone_84,district_143,2018,16,1150,9,5,1182,1724,179,1903
region_08,zone_84,district_143,2017,15,1318,8,32,1374,1231,947,2178
region_08,zone_84,district_143,2020,3,1420,5,5,1434,2381,925,3307
region_08,zone_84,district_143,2019,0,514,1,0,515,1280,92,1372
region_08,zone_81,district_108,2018,23,2783,49,4,2861,2776,370,3147
region_08,zone_81,district_108,2017,65,2543,26,0,2635,2513,182,2696
region_08,zone_81,district_108,2019,52,3054,44,13,3163,2450,232,2682
region_08,zone_81,district_108,2020,37,1983,53,4,2080,1780,391,2172
region_08,zone_82,district_105,2018,60,1904,61,1,2027,2907,241,3148
region_08,zone_82,district_105,2017,0,1627,84,4,1715,2575,761,3337
region_08,zone_82,district_105,2020,8,2513,195,0,2718,3563,462,4026
region_08,zone_82,district_105,2019,106,1687,33,0,1827,2767,349,3117
region_08,zone_45,district_138,2018,25,4494,71,0,4591,5669,592,6262
region_08,zone_45,district_138,2017,290,3311,223,34,3860,4848,801,5649
region_08,zone_45,district_138,2019,64,4482,58,0,4606,5725,118,5843
region_08,zone_45,district_138,2020,0,4440,215,0,4656,5136,520,5657
region_08,zone_21,district_086,2018,347,1330,467,21,2167,2756,688,3445
region_08,zone_21,district_086,2017,364,977,187,116,1645,2740,814,3554
region_08,zone_21,district_086,2019,1157,2354,308,141,3961,3207,488,3696
region_08,zone_21,district_086,2020,177,2704,55,13,2950,4246,560,4807
region_08,zone_45,district_208,2018,15,5048,42,41,5147,6157,1934,8091
region_08,zone_45,district_208,2017,24,2588,75,0,2688,5477,940,6417
region_08,zone_45,district_208,2020,14,7618,544,0,8176,10608,1712,12320
region_08,zone_45,district_208,2019,38,2793,104,19,2955,6167,471,6638
region_08,zone_05,district_243,2018,27,8522,46,9,8606,10510,734,11244
region_08,zone_05,district_243,2017,124,8146,124,75,8471,9850,406,10257
region_08,zone_05,district_243,2020,2,7085,0,22,7110,9755,0,9755
region_08,zone_05,district_243,2019,27,6251,0,0,6279,9528,72,9601
region_08,zone_60,district_089,2018,51,1401,37,15,1506,2988,187,3175
region_08,zone_60,district_089,2017,54,1404,74,18,1551,2683,270,2953
region_08,zone_60,district_089,2020,11,1289,12,2,1314,2469,39,2509
region_08,zone_60,district_089,2019,9,1686,60,2,1758,2807,82,2889
region_08,zone_83,district_021,2017,1703,1058,499,362,3623,2949,799,3748
region_08,zone_83,district_021,2018,1105,1213,1013,1645,4977,3894,644,4539
region_08,zone_83,district_021,2020,0,3796,0,0,3796,5139,765,5905
region_08,zone_83,district_021,2019,0,2950,0,0,2950,4220,26,4246
region_08,zone_48,district_298,2017,26,498,44,13,583,2198,116,2314
region_08,zone_48,district_298,2018,3,218,47,10,280,1822,159,1982
region_08,zone_48,district_298,2019,0,502,44,17,564,2008,159,2168
region_08,zone_48,district_298,2020,6,449,38,27,521,2043,170,2213
region_08,zone_78,district_259,2018,349,8694,269,78,9390,11054,510,11565
region_08,zone_78,district_259,2017,439,6383,359,95,7277,9518,819,10337
region_08,zone_78,district_259,2019,27,11233,11,10,11282,12813,69,12883
region_08,zone_78,district_259,2020,59,9361,214,40,9676,12703,3,12706
region_08,zone_82,district_157,2018,0,1821,27,0,1849,1938,517,2455
region_08,zone_82,district_157,2017,80,2014,13,0,2108,2799,257,3056
region_08,zone_82,district_157,2019,36,1652,31,3,1724,2353,182,2536
region_08,zone_82,district_157,2020,23,2599,18,0,2641,3211,355,3567
region_08,zone_75,district_150,2018,5,667,10,0,682,901,68,970
region_08,zone_75,district_150,2017,3,517,12,7,541,648,77,725
region_08,zone_75,district_150,2019,1,833,8,1,844,927,44,972
region_08,zone_75,district_150,2020,0,626,3,0,629,776,80,856
region_08,zone_60,district_296,2017,14,892,15,16,939,2028,105,2134
region_08,zone_60,district_296,2018,36,1220,15,0,1272,2771,371,3143
region_08,zone_60,district_296,2020,4,1520,39,24,1589,2597,503,3101
region_08,zone_60,district_296,2019,35,2374,152,64,2627,4585,458,5044
region_08,zone_35,district_010,2017,310,2614,180,87,3192,6153,826,6979
region_08,zone_35,district_010,2018,234,4000,299,46,4581,7737,512,8250
region_08,zone_35,district_010,2020,93,2901,100,55,3151,7969,240,8209
region_08,zone_35,district_010,2019,12,2747,116,9,2885,6794,252,7046
region_08,zone_05,district_280,2017,221,1770,209,182,2383,3987,669,4657
region_08,zone_05,district_280,2018,50,1160,159,298,1668,3485,717,4203
region_08,zone_05,district_280,2020,0,4822,0,0,4822,5559,1725,7284
region_08,zone_05,district_280,2019,0,4013,0,0,4013,5678,2,5680
region_08,zone_12,district_297,2017,8,824,5,0,839,991,127,1118
region_08,zone_12,district_297,2018,0,719,0,0,720,1064,18,1083
region_08,zone_12,district_297,2020,0,660,3,0,663,860,217,1077
region_08,zone_12,district_297,2019,0,520,0,0,520,690,11,701
region_08,zone_45,district_093,2018,97,8254,746,97,9194,17375,5463,22839
region_08,zone_45,district_093,2017,402,4845,207,224,5680,12240,4676,16916
region_08,zone_45,district_093,2019,49,5946,58,21,6075,11922,2535,14457
region_08,zone_45,district_093,2020,45,10135,121,62,10365,16899,2024,18924
region_08,zone_78,district_030,2018,140,857,46,1,1046,1782,398,2180
region_08,zone_78,district_030,2017,102,971,38,0,1113,1760,162,1923
region_08,zone_78,district_030,2020,79,955,25,5,1066,2421,282,2703
region_08,zone_78,district_030,2019,54,1401,18,0,1474,2181,456,2638
region_08,zone_82,district_135,2017,8,3145,27,8,3189,3931,57,3988
region_08,zone_82,district_135,2018,0,2656,34,0,2690,3497,353,3851
region_08,zone_82,district_135,2019,0,1905,0,0,1905,3165,160,3326
region_08,zone_82,district_135,2020,0,4585,21,3,4610,5587,336,5924
region_08,zone_45,district_218,2018,0,5633,0,0,5633,8034,573,8608
region_08,zone_45,district_218,2017,87,4932,29,0,5049,6671,1055,7727
region_08,zone_45,district_218,2020,0,5643,66,0,5710,8193,358,8551
region_08,zone_45,district_218,2019,0,6396,7,4,6408,8245,356,8602
region_08,zone_45,district_013,2018,240,658,26,21,946,1519,377,1897
region_08,zone_45,district_013,2017,337,512,53,43,946,1149,431,1581
region_08,zone_45,district_013,2019,0,1182,3,0,1185,1585,4,1590
region_08,zone_45,district_013,2020,0,1740,0,0,1740,1998,614,2612
region_08,zone_05,district_265,2017,423,825,464,602,2315,3341,1228,4569
region_08,zone_05,district_265,2018,520,1865,1031,1759,5177,3501,436,3938
region_08,zone_05,district_265,2019,0,2834,0,0,2834,3398,0,3398
region_08,zone_05,district_265,2020,10,2686,0,0,2697,2693,441,3134
region_08,zone_84,district_154,2017,47,793,25,8,874,1587,237,1825
region_08,zone_84,district_154,2018,478,1358,13,4,1855,2950,255,3206
region_08,zone_84,district_154,2019,2,4775,1,0,4780,3475,197,3673
region_08,zone_84,district_154,2020,0,2875,4,0,2880,2805,254,3060
region_08,zone_35,district_012,2018,0,451,37,2,492,628,208,836
region_08,zone_35,district_012,2017,11,391,30,2,436,751,108,860
region_08,zone_35,district_012,2020,4,449,42,5,502,677,91,769
region_08,zone_35,district_012,2019,0,522,57,0,581,766,103,870
region_08,zone_35,district_284,2018,398,4896,76,48,5420,9053,278,9332
region_08,zone_35,district_284,2017,327,6110,325,75,6838,10444,1459,11903
region_08,zone_35,district_284,2019,145,2833,128,2,3109,5807,1621,7428
region_08,zone_35,district_284,2020,80,5525,0,0,5606,8879,621,9500
region_08,zone_41,district_181,2018,5,2258,0,0,2264,2528,89,2617
region_08,zone_41,district_181,2017,198,1841,19,28,2088,2311,581,2892
region_08,zone_41,district_181,2019,8,1993,3,31,2036,2303,35,2339
region_08,zone_41,district_181,2020,0,1067,5,0,1073,1580,110,1691
region_08,zone_24,district_144,2017,195,2292,87,0,2575,4767,830,5597
region_08,zone_24,district_144,2018,214,2844,111,0,3171,5538,685,6224
region_08,zone_24,district_144,2019,20,3333,58,0,3412,5241,968,6209
region_08,zone_24,district_144,2020,0,3795,0,0,3795,5330,882,6212
region_08,zone_23,district_037,2018,0,366,0,0,366,405,42,448
region_08,zone_23,district_037,2017,8,461,0,0,470,520,27,547
region_08,zone_23,district_037,2019,2,255,3,0,261,307,43,351
region_08,zone_23,district_037,2020,16,493,5,0,515,582,16,598
region_08,zone_30,district_251,2018,105,3357,111,0,3575,4997,794,5791
region_08,zone_30,district_251,2017,16,2663,155,10,2845,4413,874,5288
region_08,zone_30,district_251,2019,0,4199,41,16,4257,5456,563,6020
region_08,zone_30,district_251,2020,0,3898,9,0,3908,5176,194,5371
region_08,zone_41,district_155,2017,616,692,830,1564,3703,1536,470,2007
region_08,zone_41,district_155,2018,1101,1402,1554,1998,6057,1573,364,1937
region_08,zone_41,district_155,2019,0,1603,0,0,1603,2402,0,2403
region_08,zone_41,district_155,2020,0,1077,4,1,1083,1846,159,2006
region_12,zone_47,district_285,2017,8,793,8,8,819,1302,24,1326
region_12,zone_47,district_285,2018,0,829,3,3,835,1345,74,1419
region_12,zone_47,district_285,2019,2,1027,7,0,1038,1249,34,1283
region_12,zone_47,district_285,2020,2,933,9,0,945,1252,50,1302
region_12,zone_67,district_299,2018,344,3463,221,207,4235,6176,1642,7818
region_12,zone_67,district_299,2017,840,4337,202,123,5503,7354,1550,8905
region_12,zone_67,district_299,2020,657,3985,156,240,5039,7302,892,8194
region_12,zone_67,district_299,2019,435,3296,182,106,4020,6943,1290,8233
region_12,zone_11,district_092,2017,92,3837,0,0,3930,4242,774,5016
region_12,zone_11,district_092,2018,282,5258,473,486,6501,5407,261,5668
region_12,zone_11,district_092,2019,0,4245,37,0,4282,4846,614,5461
region_12,zone_11,district_092,2020,0,4392,0,0,4392,5542,313,5856
region_12,zone_57,district_221,2017,49,771,48,20,888,1246,201,1447
region_12,zone_57,district_221,2018,21,894,22,9,947,1238,233,1471
region_12,zone_57,district_221,2020,0,743,4,3,751,1240,316,1557
region_12,zone_57,district_221,2019,54,858,48,101,1063,1352,56,1409
region_12,zone_11,district_234,2017,219,522,39,6,788,1489,309,1799
region_12,zone_11,district_234,2018,131,1185,139,9,1465,2147,271,2418
region_12,zone_11,district_234,2019,49,2057,64,9,2180,2997,80,3077
region_12,zone_11,district_234,2020,0,2360,0,0,2360,3621,0,3621
region_12,zone_47,district_054,2018,201,2531,8,0,2741,3951,588,4540
region_12,zone_47,district_054,2017,89,1247,73,81,1491,2094,381,2475
region_12,zone_47,district_054,2020,0,3846,0,21,3868,5006,255,5262
region_12,zone_47,district_054,2019,20,3277,12,0,3310,4319,79,4399
region_12,zone_17,district_278,2018,210,487,1,0,699,857,59,916
region_12,zone_17,district_278,2017,200,263,10,1,475,747,125,872
region_12,zone_17,district_278,2019,50,622,0,0,672,859,71,931
region_12,zone_17,district_278,2020,0,668,0,0,668,889,64,954
region_12,zone_11,district_267,2017,7,443,8,2,461,630,170,800
region_12,zone_11,district_267,2018,3,742,1,0,748,870,37,907
region_12,zone_11,district_267,2019,7,735,3,0,745,946,44,991
region_12,zone_11,district_267,2020,0,675,0,0,675,796,128,924
region_12,zone_47,district_072,2017,2775,2805,205,89,5876,6335,653,6989
region_12,zone_47,district_072,2018,1092,1711,212,4,3021,4246,602,4849
region_12,zone_47,district_072,2020,692,1858,384,105,3040,4363,731,5095
region_12,zone_47,district_072,2019,683,1563,323,20,2591,3999,514,4513
region_12,zone_57,district_212,2018,364,460,114,43,982,677,150,828
region_12,zone_57,district_212,2017,118,323,68,24,535,550,223,773
region_12,zone_57,district_212,2020,3,550,0,0,553,752,180,932
region_12,zone_57,district_212,2019,29,490,10,1,530,631,182,814
region_12,zone_57,district_220,2018,47,3010,164,23,3245,4981,699,5680
region_12,zone_57,district_220,2017,147,2429,112,2,2692,3342,801,4143
region_12,zone_57,district_220,2019,8,2443,227,60,2739,4661,765,5427
region_12,zone_57,district_220,2020,0,1936,271,12,2219,3473,566,4040
region_12,zone_17,district_136,2017,57,870,8,0,936,1698,273,1971
region_12,zone_17,district_136,2018,6,863,1,0,872,1323,167,1491
region_12,zone_17,district_136,2020,0,2828,0,0,2828,4270,343,4614
region_12,zone_17,district_136,2019,0,705,0,0,705,1016,264,1280
region_12,zone_57,district_272,2018,61,109,5,0,176,438,69,507
region_12,zone_57,district_272,2017,4,1,0,0,5,91,8,100
region_12,zone_57,district_272,2019,32,47,5,1,87,199,31,230
region_12,zone_57,district_272,2020,65,177,9,0,253,832,81,914
region_12,zone_17,district_210,2018,150,2428,146,135,2860,6058,993,7051
region_12,zone_17,district_210,2017,232,1671,283,279,2466,5403,702,6106
region_12,zone_17,district_210,2019,170,2289,173,76,2709,4669,898,5567
region_12,zone_17,district_210,2020,102,2913,187,236,3439,6677,867,7545
region_12,zone_57,district_050,2018,1,75,3,0,80,81,4,85
region_12,zone_57,district_050,2017,5,47,3,1,58,84,7,92
region_12,zone_57,district_050,2019,0,92,0,0,92,96,0,96
region_12,zone_57,district_050,2020,0,104,0,0,104,86,2,88
region_12,zone_52,district_195,2018,587,784,57,16,1445,2013,365,2379
region_12,zone_52,district_195,2017,1346,1760,94,78,3280,3937,711,4649
region_12,zone_52,district_195,2019,2,1765,11,0,1780,2378,35,2413
region_12,zone_52,district_195,2020,4,3370,0,0,3374,3945,1531,5476
region_03,zone_22,district_091,2018,7,141,0,0,150,225,31,256
region_03,zone_22,district_091,2017,0,52,5,2,60,129,11,140
region_03,zone_22,district_091,2020,0,202,3,0,206,335,36,372
region_03,zone_22,district_091,2019,3,281,4,0,289,415,59,474
region_03,zone_22,district_098,2017,2470,1527,100,55,4154,1785,667,2453
region_03,zone_22,district_098,2018,1996,2240,75,23,4335,1723,432,2156
region_03,zone_22,district_098,2019,0,1003,15,0,1019,1987,38,2025
region_03,zone_22,district_098,2020,22,2780,13,0,2816,3120,1707,4827
region_03,zone_80,district_224,2018,206,1333,117,176,1833,3358,431,3789
region_03,zone_80,district_224,2017,526,1848,174,129,2679,3215,532,3747
region_03,zone_80,district_224,2020,26,3085,30,7,3150,4358,1686,6044
region_03,zone_80,district_224,2019,0,1096,18,0,1115,2260,52,2312
region_03,zone_22,district_035,2018,242,1067,46,23,1379,2233,315,2548
region_03,zone_22,district_035,2017,203,805,75,15,1099,1903,315,2218
region_03,zone_22,district_035,2019,109,683,28,16,839,1498,169,1668
region_03,zone_22,district_035,2020,124,720,49,33,928,1850,199,2050
region_03,zone_80,district_241,2018,66,1494,37,0,1597,2998,676,3675
region_03,zone_80,district_241,2017,60,1440,121,17,1640,3010,501,3512
region_03,zone_80,district_241,2019,24,2335,30,4,2395,3869,461,4330
region_03,zone_80,district_241,2020,8,2344,246,3,2603,3186,648,3835
region_03,zone_61,district_132,2017,2,101,0,0,104,155,2,158
region_03,zone_61,district_132,2018,0,106,3,0,110,140,10,151
region_03,zone_61,district_132,2019,0,103,4,0,108,136,1,138
region_03,zone_61,district_132,2020,0,114,2,0,116,121,20,141
region_03,zone_22,district_088,2018,33,2424,5,17,2480,3668,215,3884
region_03,zone_22,district_088,2017,65,2731,17,14,2829,3829,593,4423
region_03,zone_22,district_088,2020,0,1765,0,0,1765,2439,378,2817
region_03,zone_22,district_088,2019,0,1998,42,0,2040,2767,5,2773
region_03,zone_79,district_067,2018,21,1926,4,0,1952,2676,392,3069
region_03,zone_79,district_067,2017,33,1665,8,0,1707,2652,440,3092
region_03,zone_79,district_067,2019,8,1650,6,1,1666,2194,228,2422
region_03,zone_79,district_067,2020,0,2706,0,0,2706,3531,298,3830
region_03,zone_59,district_116,2017,355,2698,0,0,3053,4717,660,5377
region_03,zone_59,district_116,2018,27,3862,37,0,3926,5406,294,5700
region_03,zone_59,district_116,2019,0,3802,10,2,3815,5641,258,5899
region_03,zone_59,district_116,2020,0,3952,0,0,3952,4841,1166,6008
region_03,zone_59,district_027,2018,27,162,3,27,221,268,38,306
region_03,zone_59,district_027,2017,25,121,7,18,172,239,41,281
region_03,zone_59,district_027,2019,0,246,0,0,247,319,11,331
region_03,zone_59,district_027,2020,0,918,0,0,918,1164,257,1422
region_03,zone_74,district_216,2018,37,1361,21,9,1429,3432,143,3576
region_03,zone_74,district_216,2017,137,1486,293,88,2006,3064,934,3999
region_03,zone_74,district_216,2020,2,2494,24,8,2530,3846,129,3976
region_03,zone_74,district_216,2019,9,2120,91,24,2246,3957,167,4125
region_03,zone_08,district_126,2018,37,3990,86,9,4124,5169,784,5953
region_03,zone_08,district_126,2017,24,3192,170,1,3389,4105,799,4904
region_03,zone_08,district_126,2020,0,2433,34,0,2468,4856,0,4856
region_03,zone_08,district_126,2019,4,2171,63,1,2240,3626,200,3827
region_03,zone_64,district_043,2018,811,922,127,66,1927,2338,879,3217
region_03,zone_64,district_043,2017,594,729,132,70,1527,1726,731,2457
region_03,zone_64,district_043,2019,1125,1993,227,176,3522,3745,1275,5021
region_03,zone_64,district_043,2020,539,2417,294,63,3314,3979,1393,5372
region_03,zone_22,district_226,2017,41,3068,30,36,3176,3638,483,4122
region_03,zone_22,district_226,2018,0,3544,138,6,3689,3894,51,3945
region_03,zone_22,district_226,2019,0,2040,0,0,2041,2866,143,3009
region_03,zone_22,district_226,2020,4,3797,31,0,3833,4742,308,5050
region_03,zone_61,district_287,2017,49,1908,78,35,2071,3962,237,4199
region_03,zone_61,district_287,2018,53,3662,69,20,3807,6319,430,6750
region_03,zone_61,district_287,2020,18,7291,0,0,7310,9722,0,9722
region_03,zone_61,district_287,2019,0,5750,50,0,5801,8447,34,8481
region_03,zone_59,district_276,2017,915,954,254,286,2410,2281,1630,3911
region_03,zone_59,district_276,2018,981,764,393,404,2543,3944,1017,4961
region_03,zone_59,district_276,2020,390,169,73,42,676,1671,580,2251
region_03,zone_59,district_276,2019,1244,899,344,350,2838,2782,1124,3907
region_03,zone_74,district_062,2018,57,3696,4,0,3759,6582,433,7015
region_03,zone_74,district_062,2017,0,477,10,0,488,4502,795,5298
region_03,zone_74,district_062,2019,15,5503,0,0,5520,6240,287,6528
region_03,zone_74,district_062,2020,10,5690,24,0,5726,6959,52,7011
region_03,zone_80,district_005,2018,1,140,2,0,144,226,8,234
region_03,zone_80,district_005,2017,5,204,1,0,211,258,7,266
region_03,zone_80,district_005,2019,3,189,0,0,194,254,11,266
region_03,zone_80,district_005,2020,0,131,0,0,131,187,1,189
region_03,zone_08,district_026,2018,19,1708,164,29,1921,4709,1053,5763
region_03,zone_08,district_026,2017,216,2007,193,171,2588,6135,1719,7854
region_03,zone_08,district_026,2019,7,3468,155,69,3700,5493,580,6073
region_03,zone_08,district_026,2020,0,3816,259,32,4108,7438,515,7954
region_03,zone_59,district_123,2018,1016,947,55,40,2059,2701,532,3234
region_03,zone_59,district_123,2017,845,495,14,9,1366,1990,430,2421
region_03,zone_59,district_123,2019,169,1854,17,11,2052,2819,739,3559
region_03,zone_59,district_123,2020,0,2474,0,0,2474,3087,310,3398
region_03,zone_74,district_203,2017,62,3689,511,102,4366,5346,3663,9010
region_03,zone_74,district_203,2018,32,2553,80,48,2715,5060,2098,7158
region_03,zone_74,district_203,2020,48,4262,37,20,4368,8371,775,9146
region_03,zone_74,district_203,2019,0,3624,45,0,3669,7653,1220,8874
region_03,zone_72,district_111,2018,14,1308,46,75,1444,3139,589,3728
region_03,zone_72,district_111,2017,139,1980,71,53,2245,3655,416,4071
region_03,zone_72,district_111,2020,47,1836,70,29,1983,4328,1468,5797
region_03,zone_72,district_111,2019,175,5205,361,529,6271,8462,580,9043
region_03,zone_74,district_189,2018,84,5071,427,35,5618,6477,1879,8356
region_03,zone_74,district_189,2017,273,3124,311,158,3867,5096,1091,6187
region_03,zone_74,district_189,2019,36,1936,37,8,2019,4059,864,4924
region_03,zone_74,district_189,2020,9,4623,186,5,4824,6869,1554,8424
region_03,zone_79,district_095,2017,12,591,36,0,641,1045,220,1266
region_03,zone_79,district_095,2018,0,838,2,0,841,1527,159,1687
region_03,zone_79,district_095,2020,0,1613,12,12,1638,2385,0,2385
region_03,zone_79,district_095,2019,37,1548,18,1,1606,2194,58,2252
region_03,zone_15,district_275,2018,30,3179,22,4,3237,4446,475,4921
region_03,zone_15,district_275,2017,24,3029,53,0,3107,4143,155,4299
region_03,zone_15,district_275,2020,0,5242,5,0,5247,6850,23,6873
region_03,zone_15,district_275,2019,4,5383,5,0,5394,6317,210,6528
region_03,zone_77,district_022,2018,3,122,0,0,125,174,0,174
region_03,zone_77,district_022,2017,16,164,4,1,187,258,13,272
region_03,zone_77,district_022,2020,0,259,0,0,259,273,86,360
region_03,zone_77,district_022,2019,0,195,0,0,195,229,1,230
region_03,zone_77,district_246,2018,3,686,0,0,690,741,24,765
region_03,zone_77,district_246,2017,15,356,4,0,376,603,106,710
region_03,zone_77,district_246,2019,0,684,0,0,684,664,6,670
region_03,zone_77,district_246,2020,2,610,1,0,615,536,92,629
region_03,zone_59,district_229,2018,148,2675,60,0,2883,5813,844,6658
region_03,zone_59,district_229,2017,32,3431,13,0,3477,4725,351,5076
region_03,zone_59,district_229,2020,21,3118,21,0,3161,5193,224,5418
region_03,zone_59,district_229,2019,88,3352,25,0,3465,6000,553,6554
region_03,zone_08,district_152,2017,96,7797,19,0,7913,10416,1195,11611
region_03,zone_08,district_152,2018,69,7042,0,0,7111,10857,1210,12068
region_03,zone_08,district_152,2020,0,6614,61,5,6681,10259,722,10981
region_03,zone_08,district_152,2019,112,9935,44,0,10092,12081,534,12616
region_03,zone_15,district_074,2018,6,2055,47,1,2110,3289,517,3807
region_03,zone_15,district_074,2017,0,2609,30,0,2639,4091,95,4186
region_03,zone_15,district_074,2019,38,3849,29,0,3916,5111,276,5388
region_03,zone_15,district_074,2020,22,1810,13,0,1846,2934,277,3211
region_03,zone_64,district_070,2017,1,156,4,2,163,247,24,272
region_03,zone_64,district_070,2018,8,278,14,1,302,465,56,521
region_03,zone_64,district_070,2019,8,408,10,0,428,504,20,524
region_03,zone_64,district_070,2020,3,494,1,0,499,645,39,684
region_03,zone_79,district_184,2017,0,187,1,1,189,195,12,208
region_03,zone_79,district_184,2018,0,162,0,0,162,161,0,161
region_03,zone_79,district_184,2020,0,151,0,0,152,142,1,143
region_03,zone_79,district_184,2019,1,90,0,0,91,77,2,79
region_03,zone_61,district_202,2018,112,1210,26,3,1352,4374,906,5281
region_03,zone_61,district_202,2017,120,1884,28,79,2113,5030,285,5315
region_03,zone_61,district_202,2020,73,1683,9,0,1765,3474,210,3685
region_03,zone_61,district_202,2019,88,1250,13,2,1355,3741,96,3838
region_03,zone_59,district_266,2017,0,209,1,0,211,379,44,424
region_03,zone_59,district_266,2018,4,423,11,17,456,634,49,684
region_03,zone_59,district_266,2020,0,849,4,0,853,907,75,982
region_03,zone_59,district_266,2019,0,518,7,0,525,586,34,620
region_03,zone_74,district_250,2017,103,2387,36,5,2533,2805,342,3147
region_03,zone_74,district_250,2018,39,1910,48,19,2018,2330,432,2762
region_03,zone_74,district_250,2019,19,1517,19,33,1588,2083,229,2312
region_03,zone_74,district_250,2020,43,1661,18,43,1767,2301,108,2409
region_03,zone_15,district_294,2018,30,906,13,10,961,2048,38,2087
region_03,zone_15,district_294,2017,131,1690,48,24,1894,2964,62,3027
region_03,zone_15,district_294,2019,6,956,17,0,980,1996,121,2118
region_03,zone_15,district_294,2020,1,1062,45,22,1131,1676,91,1767
region_03,zone_15,district_149,2018,5,2667,21,5,2698,3313,209,3522
region_03,zone_15,district_149,2017,80,2284,13,5,2384,3298,159,3457
region_03,zone_15,district_149,2020,7,2700,7,0,2716,3715,76,3791
region_03,zone_15,district_149,2019,93,11904,25,100,12123,14747,55,14802
region_03,zone_72,district_100,2018,11,1611,5,0,1628,1915,88,2004
region_03,zone_72,district_100,2017,47,317,16,5,387,667,125,792
region_03,zone_72,district_100,2019,0,1931,4,1,1937,2216,128,2344
region_03,zone_72,district_100,2020,0,2144,0,0,2144,2492,0,2492
region_03,zone_79,district_179,2018,0,4186,0,0,4186,5816,554,6370
region_03,zone_79,district_179,2017,69,7126,18,34,7248,7200,540,7740
region_03,zone_79,district_179,2020,0,5899,379,0,6278,7541,1298,8840
region_03,zone_79,district_179,2019,0,3744,0,0,3744,4725,294,5019
region_03,zone_74,district_015,2017,2,215,5,0,223,333,9,342
region_03,zone_74,district_015,2018,0,78,2,0,80,205,7,213
region_03,zone_74,district_015,2020,0,258,2,0,261,390,22,412
region_03,zone_74,district_015,2019,0,194,2,0,196,317,3,320
region_03,zone_72,district_114,2017,16,546,37,5,606,808,128,936
region_03,zone_72,district_114,2018,1,524,33,9,568,986,138,1125
region_03,zone_72,district_114,2020,0,842,0,0,843,1232,53,1286
region_03,zone_72,district_114,2019,4,737,12,10,764,1051,168,1219
region_03,zone_61,district_161,2018,246,2259,136,67,2710,3980,1496,5477
region_03,zone_61,district_161,2017,431,1362,294,88,2177,3780,791,4572
region_03,zone_61,district_161,2019,141,3746,193,17,4097,5351,854,6206
region_03,zone_61,district_161,2020,146,2106,65,14,2333,3913,797,4710
region_03,zone_22,district_252,2018,20,1617,61,11,1710,1727,476,2203
region_03,zone_22,district_252,2017,23,1163,57,3,1248,1424,532,1956
region_03,zone_22,district_252,2020,10,1226,73,0,1310,1591,420,2011
region_03,zone_22,district_252,2019,0,1268,136,0,1404,1464,361,1826
region_03,zone_08,district_080,2017,102,547,21,30,701,1361,149,1511
region_03,zone_08,district_080,2018,279,1359,126,35,1800,4329,1613,5942
region_03,zone_08,district_080,2020,180,1749,60,25,2016,7003,561,7564
region_03,zone_08,district_080,2019,90,573,17,7,688,3868,305,4174
region_03,zone_80,district_230,2017,44,33,12,2,93,89,27,117
region_03,zone_80,district_230,2018,243,269,24,5,542,703,280,983
region_03,zone_80,district_230,2019,99,150,10,5,265,329,184,513
region_03,zone_80,district_230,2020,196,565,64,15,842,1329,594,1923
region_03,zone_59,district_049,2017,27,1140,31,0,1199,1233,22,1256
region_03,zone_59,district_049,2018,0,791,6,1,799,811,4,815
region_03,zone_59,district_049,2020,3,1356,19,1,1380,1351,25,1376
region_03,zone_59,district_049,2019,0,724,4,1,730,762,9,771
region_03,zone_77,district_133,2017,0,2225,109,5,2339,2498,767,3266
region_03,zone_77,district_133,2018,0,2205,22,0,2227,2905,51,2957
region_03,zone_77,district_133,2019,0,1686,14,0,1700,2625,47,2673
region_03,zone_77,district_133,2020,0,1602,0,0,1603,2176,626,2803
region_03,zone_74,district_282,2017,2,91,2,0,97,133,5,139
region_03,zone_74,district_282,2018,1,77,4,5,88,126,10,136
region_03,zone_74,district_282,2020,1,114,1,0,117,143,8,151
region_03,zone_74,district_282,2019,0,83,0,0,83,122,3,125
region_03,zone_08,district_279,2018,1,462,0,0,463,787,30,818
region_03,zone_08,district_279,2017,14,414,9,0,438,795,12,808
region_03,zone_08,district_279,2019,0,539,0,0,539,698,81,780
region_03,zone_08,district_279,2020,0,603,0,0,603,847,172,1020
region_03,zone_61,district_064,2018,15,757,13,0,787,1092,401,1494
region_03,zone_61,district_064,2017,28,702,37,1,769,1018,260,1279
region_03,zone_61,district_064,2020,5,596,6,3,611,758,254,1012
region_03,zone_61,district_064,2019,1,762,1,0,765,1025,317,1342
region_03,zone_61,district_127,2017,1,142,0,0,145,255,43,298
region_03,zone_61,district_127,2018,19,499,7,9,536,746,65,811
region_03,zone_61,district_127,2020,0,966,4,0,970,1306,0,1306
region_03,zone_61,district_127,2019,5,904,4,0,914,1178,20,1198
region_03,zone_15,district_290,2017,282,4699,152,58,5193,6590,1400,7991
region_03,zone_15,district_290,2018,183,4768,48,0,5000,6962,805,7768
region_03,zone_15,district_290,2019,1,9194,117,12,9326,11047,470,11518
region_03,zone_15,district_290,2020,45,8275,5,0,8325,11051,699,11750
region_03,zone_08,district_151,2018,39,2287,59,10,2396,2851,364,3216
region_03,zone_08,district_151,2017,112,2389,16,4,2523,3282,315,3597
region_03,zone_08,district_151,2020,15,1935,34,0,1986,2271,353,2624
region_03,zone_08,district_151,2019,0,2031,22,0,2054,2533,62,2596
region_03,zone_64,district_044,2018,132,101,15,3,252,474,134,608
region_03,zone_64,district_044,2017,152,104,13,6,276,306,78,384
region_03,zone_64,district_044,2019,216,173,21,7,418,518,213,732
region_03,zone_64,district_044,2020,141,129,17,8,296,442,152,595
region_03,zone_15,district_274,2018,1768,630,148,132,2679,1822,948,2770
region_03,zone_15,district_274,2017,2214,434,64,60,2774,2775,614,3390
region_03,zone_15,district_274,2019,1,754,7,0,763,1318,14,1332
region_03,zone_15,district_274,2020,0,2512,2,13,2529,3012,1958,4971
region_03,zone_64,district_101,2018,8,145,2,0,156,251,11,263
region_03,zone_64,district_101,2017,5,126,8,1,140,167,36,203
region_03,zone_64,district_101,2020,0,209,0,0,209,260,39,300
region_03,zone_64,district_101,2019,0,214,0,0,214,281,0,281
region_03,zone_08,district_182,2018,126,1681,22,26,1857,2926,289,3215
region_03,zone_08,district_182,2017,133,1380,29,34,1577,2502,266,2769
region_03,zone_08,district_182,2019,31,2781,40,29,2882,3755,74,3829
region_03,zone_08,district_182,2020,22,2208,98,121,2449,3519,115,3635
region_03,zone_61,district_193,2017,19,691,24,6,742,1038,43,1081
region_03,zone_61,district_193,2018,0,798,36,7,842,1046,17,1063
region_03,zone_61,district_193,2019,0,1100,5,0,1106,1139,1,1141
region_03,zone_61,district_193,2020,5,731,0,0,737,1028,6,1035
region_03,zone_72,district_207,2017,60,851,50,47,1010,1796,352,2148
region_03,zone_72,district_207,2018,12,1166,21,2,1202,1991,430,2421
region_03,zone_72,district_207,2020,12,1048,15,6,1082,1600,302,1903
region_03,zone_72,district_207,2019,0,1057,49,1,1108,1386,223,1610
region_03,zone_64,district_257,2017,6,108,4,5,125,196,16,212
region_03,zone_64,district_257,2018,1,135,0,0,137,198,7,205
region_03,zone_64,district_257,2020,2,227,0,0,230,316,4,321
region_03,zone_64,district_257,2019,0,223,0,0,223,275,1,276
region_03,zone_79,district_300,2017,299,5939,72,501,6812,9645,1418,11063
region_03,zone_79,district_300,2018,588,5797,820,643,7849,10924,629,11553
region_03,zone_79,district_300,2019,263,6116,1443,179,8002,11223,702,11925
region_03,zone_79,district_300,2020,0,5626,1083,0,6710,10133,332,10465
region_03,zone_79,district_128,2017,389,686,144,196,1417,1464,195,1659
region_03,zone_79,district_128,2018,26,1220,30,64,1342,1807,67,1875
region_03,zone_79,district_128,2019,9,1633,6,0,1649,1779,53,1833
region_03,zone_79,district_128,2020,13,1413,36,14,1477,1785,235,2020
region_03,zone_22,district_175,2018,0,6226,120,16,6363,10337,284,10621
region_03,zone_22,district_175,2017,13,5986,106,39,6144,10190,421,10612
region_03,zone_22,district_175,2020,0,7444,0,9,7454,11302,285,11588
region_03,zone_22,district_175,2019,0,2986,13,4,3004,5602,160,5762
region_03,zone_08,district_009,2017,7,409,40,2,459,573,110,683
region_03,zone_08,district_009,2018,5,599,0,0,604,836,11,848
region_03,zone_08,district_009,2019,0,531,4,0,535,712,54,766
region_03,zone_08,district_009,2020,0,514,35,0,549,658,89,748
region_03,zone_59,district_090,2017,7,182,14,3,208,288,111,400
region_03,zone_59,district_090,2018,6,359,18,13,397,553,196,750
region_03,zone_59,district_090,2019,12,589,4,0,606,707,35,742
region_03,zone_59,district_090,2020,0,670,1,0,672,789,41,831
region_03,zone_59,district_227,2017,26,2109,57,35,2228,2496,494,2990
region_03,zone_59,district_227,2018,13,1834,32,9,1890,2736,289,3025
region_03,zone_59,district_227,2019,20,2861,7,3,2894,3539,230,3770
region_03,zone_59,district_227,2020,0,3245,95,0,3340,4408,212,4620
region_03,zone_79,district_261,2018,0,222,10,2,234,607,128,735
region_03,zone_79,district_261,2017,5,264,23,3,297,609,208,818
region_03,zone_79,district_261,2019,2,276,31,3,315,580,137,717
region_03,zone_79,district_261,2020,2,659,11,1,675,741,174,916
region_03,zone_79,district_291,2018,161,216,35,27,441,1306,166,1473
region_03,zone_79,district_291,2017,481,288,106,78,955,1394,338,1733
region_03,zone_79,district_291,2020,419,480,110,91,1102,2329,420,2749
region_03,zone_79,district_291,2019,659,732,255,295,1943,3124,670,3795
region_03,zone_22,district_042,2017,3514,973,148,175,4812,5589,688,6277
region_03,zone_22,district_042,2018,2248,1287,235,96,3868,5936,744,6681
region_03,zone_22,district_042,2019,1527,1001,205,110,2844,4082,512,4595
region_03,zone_22,district_042,2020,1810,659,136,94,2701,3363,727,4091
region_03,zone_22,district_018,2017,137,244,7,7,396,636,37,673
region_03,zone_22,district_018,2018,23,525,4,4,557,730,14,745
region_03,zone_22,district_018,2020,0,378,0,0,378,607,33,640
region_03,zone_22,district_018,2019,0,524,0,0,524,605,0,605
region_03,zone_59,district_235,2017,395,1485,22,42,1946,1687,231,1918
region_03,zone_59,district_235,2018,131,1256,48,49,1486,1243,249,1492
region_03,zone_59,district_235,2020,72,1047,3,0,1124,1138,170,1309
region_03,zone_59,district_235,2019,130,1467,11,0,1609,1323,133,1457
region_13,zone_62,district_215,2018,102,427,45,15,590,707,42,749
region_13,zone_62,district_215,2017,102,294,71,28,496,631,32,664
region_13,zone_62,district_215,2020,127,424,39,8,600,756,24,780
region_13,zone_62,district_215,2019,118,421,35,2,578,712,17,729
region_13,zone_14,district_011,2018,49,1216,54,28,1349,2606,470,3077
region_13,zone_14,district_011,2017,39,1238,29,35,1343,2403,452,2856
region_13,zone_14,district_011,2020,7,2449,18,22,2497,3237,17,3254
region_13,zone_14,district_011,2019,43,1142,44,16,1246,1389,190,1580
region_13,zone_62,district_281,2017,237,2802,182,101,3323,7202,230,7433
region_13,zone_62,district_281,2018,11,3897,0,0,3908,7516,347,7864
region_13,zone_62,district_281,2020,0,3248,0,0,3248,6028,684,6712
region_13,zone_62,district_281,2019,0,2377,0,0,2377,6429,65,6494
region_13,zone_14,district_073,2018,59,31,3,2,97,121,19,140
region_13,zone_14,district_073,2017,62,20,6,5,94,187,26,213
region_13,zone_14,district_073,2019,99,55,5,6,167,200,19,220
region_13,zone_14,district_073,2020,63,95,8,6,173,223,13,236
region_13,zone_76,district_060,2018,0,1152,0,0,1152,1445,12,1457
region_13,zone_76,district_060,2017,0,843,12,9,865,1214,140,1354
region_13,zone_76,district_060,2019,7,881,7,0,896,1245,7,1253
region_13,zone_76,district_060,2020,0,867,0,0,867,1510,42,1553
region_13,zone_14,district_014,2018,1077,949,203,78,2309,2793,1114,3907
region_13,zone_14,district_014,2017,1163,1169,196,60,2589,3867,860,4728
region_13,zone_14,district_014,2019,524,1180,103,43,1852,3791,994,4785
region_13,zone_14,district_014,2020,198,929,92,5,1225,3649,1010,4660
region_13,zone_26,district_033,2018,5,13,5,0,25,86,8,95
region_13,zone_26,district_033,2017,47,197,11,15,271,350,21,372
region_13,zone_26,district_033,2019,4,16,5,0,27,27,2,30
region_13,zone_26,district_033,2020,25,104,48,23,201,304,64,369
region_13,zone_26,district_129,2017,3,56,0,0,61,170,5,176
region_13,zone_26,district_129,2018,4,43,4,3,56,232,10,242
region_13,zone_26,district_129,2020,0,140,7,0,148,269,31,301
region_13,zone_26,district_129,2019,2,218,12,4,237,468,5,474
region_13,zone_14,district_120,2018,2,1387,3,0,1393,1817,34,1852
region_13,zone_14,district_120,2017,35,1437,47,1,1522,1790,104,1895
region_13,zone_14,district_120,2019,5,1433,0,0,1439,1768,10,1779
region_13,zone_14,district_120,2020,0,1296,0,0,1296,1693,290,1984
region_13,zone_26,district_139,2017,728,499,429,486,2144,1317,350,1668
region_13,zone_26,district_139,2018,587,287,180,191,1246,2277,13,2291
region_13,zone_26,district_139,2020,342,13,31,19,407,2489,41,2531
region_13,zone_26,district_139,2019,476,81,50,75,683,2563,49,2613
region_13,zone_14,district_115,2018,82,693,33,16,826,1318,370,1689
region_13,zone_14,district_115,2017,104,900,66,49,1120,1475,361,1836
region_13,zone_14,district_115,2020,103,934,0,8,1046,1439,271,1710
region_13,zone_14,district_115,2019,142,1342,23,4,1513,2143,373,2516
region_13,zone_71,district_122,2018,42,636,19,40,739,1617,479,2097
region_13,zone_71,district_122,2017,34,976,40,0,1050,1919,296,2216
region_13,zone_71,district_122,2020,4,2166,34,0,2205,3601,262,3864
region_13,zone_71,district_122,2019,0,672,10,0,683,1568,419,1988
region_13,zone_62,district_008,2017,172,189,18,1,382,335,71,406
region_13,zone_62,district_008,2018,8,56,0,2,67,204,45,250
region_13,zone_62,district_008,2020,0,348,0,0,348,441,162,603
region_13,zone_62,district_008,2019,0,160,2,0,164,281,14,295
region_13,zone_76,district_256,2017,46,740,19,0,806,1136,439,1576
region_13,zone_76,district_256,2018,0,935,2,0,938,1935,313,2249
region_13,zone_76,district_256,2020,7,1293,20,6,1328,2145,176,2321
region_13,zone_76,district_256,2019,0,1046,6,0,1053,1770,144,1915
region_13,zone_76,district_211,2017,49,262,68,37,417,570,138,709
region_13,zone_76,district_211,2018,29,112,16,10,169,450,140,591
region_13,zone_76,district_211,2019,100,311,60,17,489,1277,411,1689
region_13,zone_76,district_211,2020,23,210,7,5,246,831,325,1157
region_13,zone_26,district_191,2017,90,2428,2,18,2539,3852,198,4050
region_13,zone_26,district_191,2018,4,2613,40,0,2657,3941,205,4146
region_13,zone_26,district_191,2020,0,2470,0,0,2470,3825,636,4462
region_13,zone_26,district_191,2019,29,1769,28,0,1827,2780,69,2850
region_13,zone_62,district_104,2018,6,303,35,0,344,663,722,1386
region_13,zone_62,district_104,2017,2,97,3,0,103,454,264,718
region_13,zone_62,district_104,2019,9,794,60,5,869,1359,100,1459
region_13,zone_62,district_104,2020,4,1266,12,0,1284,1838,0,1838
region_13,zone_71,district_097,2017,0,3912,54,56,4022,4959,38,4998
region_13,zone_71,district_097,2018,0,3637,32,16,3686,4829,71,4901
region_13,zone_71,district_097,2019,2,3243,116,0,3361,4951,70,5022
region_13,zone_71,district_097,2020,10,4460,0,127,4597,5842,201,6043
region_13,zone_14,district_242,2017,117,90,16,7,232,283,101,385
region_13,zone_14,district_242,2018,16,8,0,0,26,120,39,159
region_13,zone_14,district_242,2019,85,56,7,14,164,378,115,493
region_13,zone_14,district_242,2020,76,143,7,9,237,320,78,398
region_13,zone_14,district_121,2017,13,215,30,8,267,350,107,457
region_13,zone_14,district_121,2018,3,193,10,3,211,333,118,452
region_13,zone_14,district_121,2020,0,374,0,0,374,511,80,591
region_13,zone_14,district_121,2019,0,260,3,1,265,370,109,479
region_04,zone_07,district_263,2018,0,859,4,0,864,1509,191,1700
region_04,zone_07,district_263,2017,0,619,25,0,644,1130,236,1366
region_04,zone_07,district_263,2020,0,965,14,2,982,1403,250,1653
region_04,zone_07,district_263,2019,0,640,1,0,642,1039,129,1168
region_04,zone_56,district_066,2017,23,468,18,3,514,784,385,1169
region_04,zone_56,district_066,2018,41,1049,13,0,1104,1257,437,1694
region_04,zone_56,district_066,2019,10,768,43,0,822,1061,309,1370
region_04,zone_56,district_066,2020,0,1313,6,0,1320,1652,73,1725
region_04,zone_56,district_214,2017,196,300,74,34,605,2126,576,2702
region_04,zone_56,district_214,2018,259,139,19,6,424,2450,343,2794
region_04,zone_56,district_214,2019,47,321,7,6,382,2716,298,3015
region_04,zone_56,district_214,2020,0,146,21,0,169,2694,36,2730
region_04,zone_56,district_153,2018,1,396,10,1,409,581,46,628
region_04,zone_56,district_153,2017,7,495,36,9,547,748,68,816
region_04,zone_56,district_153,2019,2,359,3,1,367,513,57,570
region_04,zone_56,district_153,2020,7,619,3,0,630,912,36,948
region_04,zone_07,district_199,2017,136,303,30,16,486,652,91,743
region_04,zone_07,district_199,2018,69,351,42,22,485,723,55,778
region_04,zone_07,district_199,2020,8,259,7,1,276,660,29,690
region_04,zone_07,district_199,2019,44,284,32,16,378,622,36,658
region_04,zone_06,district_238,2018,1,1080,5,0,1088,1579,129,1709
region_04,zone_06,district_238,2017,3,598,4,0,605,1140,166,1307
region_04,zone_06,district_238,2019,0,714,6,0,720,1021,47,1068
region_04,zone_06,district_238,2020,0,977,0,0,977,1403,58,1461
region_04,zone_56,district_102,2018,97,1149,110,128,1486,2128,625,2754
region_04,zone_56,district_102,2017,118,1565,235,139,2059,3045,491,3537
region_04,zone_56,district_102,2019,89,885,59,60,1095,978,407,1386
region_04,zone_56,district_102,2020,9,2792,177,62,3042,3656,1735,5392
region_04,zone_07,district_174,2017,0,893,19,0,912,1234,18,1252
region_04,zone_07,district_174,2018,0,1069,2,0,1072,1264,5,1269
region_04,zone_07,district_174,2020,0,913,102,0,1016,1067,276,1343
region_04,zone_07,district_174,2019,0,1124,2,3,1130,1326,19,1345
region_04,zone_46,district_253,2017,8,142,0,1,152,275,1,276
region_04,zone_46,district_253,2018,0,72,0,0,72,204,13,218
region_04,zone_46,district_253,2019,0,31,0,0,32,150,6,157
region_04,zone_46,district_253,2020,1,31,4,0,36,421,28,449
region_04,zone_07,district_040,2018,68,1354,5,0,1428,1999,56,2055
region_04,zone_07,district_040,2017,112,2253,22,48,2436,2952,109,3061
region_04,zone_07,district_040,2020,51,1516,18,18,1605,2058,31,2090
region_04,zone_07,district_040,2019,17,1052,0,0,1070,1492,141,1633
region_10,zone_51,district_192,2017,137,1634,42,38,1852,3109,236,3346
region_10,zone_51,district_192,2018,74,1197,143,139,1553,2415,87,2503
region_10,zone_51,district_192,2019,50,2983,119,94,3248,3960,132,4092
region_10,zone_51,district_192,2020,0,2390,0,26,2416,3587,179,3766
region_10,zone_32,district_083,2017,7,189,5,4,207,822,57,879
region_10,zone_32,district_083,2018,196,2105,133,54,2490,3290,799,4090
region_10,zone_32,district_083,2020,55,2673,39,57,2825,3762,749,4511
region_10,zone_32,district_083,2019,397,2349,112,5,2865,3845,498,4343
region_10,zone_73,district_085,2017,18,436,37,6,499,709,249,959
region_10,zone_73,district_085,2018,26,505,51,9,593,722,209,932
region_10,zone_73,district_085,2020,0,913,0,0,913,949,24,973
region_10,zone_73,district_085,2019,17,1256,24,11,1309,1041,58,1100
region_10,zone_34,district_217,2018,0,491,5,0,497,726,28,755
region_10,zone_34,district_217,2017,0,499,0,0,500,772,14,786
region_10,zone_34,district_217,2019,0,573,0,0,573,800,16,816
region_10,zone_34,district_217,2020,0,754,1,0,756,1037,11,1049
region_10,zone_85,district_058,2018,121,8895,47,4,9069,12779,1259,14038
region_10,zone_85,district_058,2017,27,8907,123,11,9069,13656,893,14550
region_10,zone_85,district_058,2020,31,7522,2,2,7558,10292,893,11186
region_10,zone_85,district_058,2019,114,4262,0,0,4377,6923,207,7131
region_10,zone_36,district_271,2018,4,86,8,2,100,190,18,208
region_10,zone_36,district_271,2017,8,111,10,0,131,199,35,234
region_10,zone_36,district_271,2019,1,60,1,0,62,151,16,168
region_10,zone_36,district_271,2020,3,189,7,1,200,337,33,370
region_10,zone_49,district_277,2018,51,4598,44,29,4723,6307,437,6745
region_10,zone_49,district_277,2017,17,3032,17,0,3067,5747,222,5969
region_10,zone_49,district_277,2019,11,1241,28,9,1290,2828,79,2908
region_10,zone_49,district_277,2020,0,4584,0,0,4584,6523,230,6754
region_10,zone_32,district_197,2017,2,347,13,5,368,599,158,758
region_10,zone_32,district_197,2018,0,78,4,0,83,411,30,441
region_10,zone_32,district_197,2019,0,29,0,0,29,204,8,212
region_10,zone_32,district_197,2020,3,238,2,0,244,468,13,482
region_10,zone_34,district_249,2017,63,551,27,16,659,1195,122,1318
region_10,zone_34,district_249,2018,20,695,79,16,811,1409,101,1511
region_10,zone_34,district_249,2019,34,1404,1,1,1442,1996,125,2122
region_10,zone_34,district_249,2020,4,1724,4,8,1741,2343,204,2547
region_10,zone_32,district_061,2018,22,2073,6,1,2105,3941,183,4125
region_10,zone_32,district_061,2017,43,2285,9,13,2351,4008,301,4309
region_10,zone_32,district_061,2020,44,3223,16,25,3309,4475,36,4511
region_10,zone_32,district_061,2019,44,3221,18,32,3316,4114,35,4149
region_10,zone_03,district_017,2017,47,1680,35,0,1763,2061,76,2137
region_10,zone_03,district_017,2018,1,2011,77,5,2095,2270,54,2325
region_10,zone_03,district_017,2020,11,834,21,12,880,1492,76,1568
region_10,zone_03,district_017,2019,0,1493,11,22,1527,1956,136,2092
region_10,zone_32,district_028,2017,371,3025,53,3,3454,4326,682,5008
region_10,zone_32,district_028,2018,85,2225,65,0,2376,3888,1195,5083
region_10,zone_32,district_028,2019,132,1883,16,6,2039,3567,389,3957
region_10,zone_32,district_028,2020,23,3076,53,0,3153,4925,575,5501
region_10,zone_69,district_228,2018,248,856,45,49,1199,1789,515,2305
region_10,zone_69,district_228,2017,217,855,115,81,1270,1579,504,2084
region_10,zone_69,district_228,2020,78,729,71,39,918,1290,470,1760
region_10,zone_69,district_228,2019,210,1468,138,88,1905,1958,776,2735
region_10,zone_32,district_255,2017,162,165,9,26,364,435,76,512
region_10,zone_32,district_255,2018,208,79,31,12,332,433,140,573
region_10,zone_32,district_255,2020,123,80,14,6,225,412,78,490
region_10,zone_32,district_255,2019,92,31,18,14,156,238,55,293
region_10,zone_69,district_232,2018,11,1367,35,0,1414,3183,325,3508
region_10,zone_69,district_232,2017,14,1518,16,6,1556,2195,580,2776
region_10,zone_69,district_232,2020,43,3346,0,0,3389,3230,259,3490
region_10,zone_69,district_232,2019,16,4741,12,0,4771,3852,32,3885
region_10,zone_85,district_269,2017,60,5241,30,0,5331,6995,951,7946
region_10,zone_85,district_269,2018,210,7625,55,27,7919,11451,824,12275
region_10,zone_85,district_269,2019,0,9515,71,0,9586,12139,325,12465
region_10,zone_85,district_269,2020,23,8374,6,0,8404,11368,863,12232
region_10,zone_36,district_113,2017,377,312,31,30,752,924,184,1109
region_10,zone_36,district_113,2018,376,501,40,16,935,859,190,1049
region_10,zone_36,district_113,2019,315,635,4,6,961,979,132,1112
region_10,zone_36,district_113,2020,84,314,12,6,417,611,69,681
region_10,zone_04,district_019,2018,0,4406,54,0,4461,6505,436,6942
region_10,zone_04,district_019,2017,50,2814,99,53,3018,4930,1207,6138
region_10,zone_04,district_019,2019,0,5437,1,0,5439,5753,407,6160
region_10,zone_04,district_019,2020,0,4684,7,0,4692,4857,2111,6968
region_10,zone_85,district_079,2018,917,4239,3,47,5208,6731,1012,7744
region_10,zone_85,district_079,2017,854,6161,93,7,7117,7494,1628,9122
region_10,zone_85,district_079,2019,45,7539,0,0,7585,9921,454,10376
region_10,zone_85,district_079,2020,45,5684,229,0,5959,8203,953,9156
region_10,zone_73,district_047,2017,7,321,23,2,355,568,50,618
region_10,zone_73,district_047,2018,5,161,4,0,171,856,116,972
region_10,zone_73,district_047,2020,18,937,1,1,960,1611,27,1638
region_10,zone_73,district_047,2019,26,1055,0,0,1081,1354,36,1391
region_10,zone_33,district_103,2018,0,3982,16,0,3999,5194,593,5788
region_10,zone_33,district_103,2017,34,2229,2,25,2291,3618,234,3853
region_10,zone_33,district_103,2020,0,3990,0,9,3999,4596,1177,5774
region_10,zone_33,district_103,2019,13,3470,2,0,3486,4436,112,4548
region_10,zone_85,district_057,2017,41,1338,124,22,1526,2039,140,2179
region_10,zone_85,district_057,2018,25,1576,53,3,1659,2389,67,2456
region_10,zone_85,district_057,2019,0,1097,92,32,1223,1859,48,1907
region_10,zone_85,district_057,2020,0,1120,48,39,1208,1518,227,1746
region_10,zone_37,district_236,2017,81,1033,28,60,1203,2494,362,2857
region_10,zone_37,district_236,2018,76,2203,31,15,2327,3861,293,4154
region_10,zone_37,district_236,2019,28,2150,0,0,2179,3364,104,3468
region_10,zone_37,district_236,2020,0,3346,0,0,3346,4663,180,4844
region_10,zone_73,district_247,2018,0,1245,6,3,1254,1580,3,1583
region_10,zone_73,district_247,2017,119,1009,22,14,1165,1407,116,1523
region_10,zone_73,district_247,2020,0,972,0,0,974,1220,18,1238
region_10,zone_73,district_247,2019,0,902,0,0,902,1103,0,1103
region_10,zone_34,district_283,2017,0,1893,30,22,1945,1784,384,2169
region_10,zone_34,district_283,2018,10,1672,24,0,1706,1768,143,1912
region_10,zone_34,district_283,2019,17,1318,1,0,1338,1352,298,1650
region_10,zone_34,district_283,2020,8,1409,7,0,1425,1607,267,1874
region_10,zone_38,district_231,2018,70,207,8,1,286,928,276,1205
region_10,zone_38,district_231,2017,125,115,13,6,262,761,187,948
region_10,zone_38,district_231,2020,188,188,22,4,404,934,445,1380
region_10,zone_38,district_231,2019,193,333,26,10,564,1362,595,1958
region_10,zone_49,district_162,2018,0,698,12,0,711,897,150,1048
region_10,zone_49,district_162,2017,46,1083,17,6,1154,1681,46,1728
region_10,zone_49,district_162,2020,0,1146,7,1,1155,469,346,816
region_10,zone_49,district_162,2019,13,758,19,29,820,995,226,1222
region_10,zone_73,district_164,2017,77,1155,45,31,1310,1934,254,2189
region_10,zone_73,district_164,2018,9,1594,14,54,1673,2281,97,2379
region_10,zone_73,district_164,2019,0,2022,0,0,2022,2176,30,2206
region_10,zone_73,district_164,2020,0,2064,4,0,2069,1966,157,2124
region_10,zone_38,district_270,2017,211,4452,45,105,4815,7564,332,7897
region_10,zone_38,district_270,2018,60,4297,40,6,4405,7820,1280,9100
region_10,zone_38,district_270,2019,43,5020,35,13,5112,6672,946,7618
region_10,zone_38,district_270,2020,23,6196,105,23,6349,7233,472,7705
region_10,zone_33,district_292,2017,64,846,11,1,924,1739,123,1862
region_10,zone_33,district_292,2018,25,1232,10,0,1268,2040,358,2399
region_10,zone_33,district_292,2020,78,1874,37,26,2016,2700,708,3409
region_10,zone_33,district_292,2019,25,2189,26,7,2248,3344,352,3697
region_10,zone_85,district_002,2018,0,367,1,0,368,1000,150,1150
region_10,zone_85,district_002,2017,28,178,17,3,227,734,244,978
region_10,zone_85,district_002,2020,0,694,6,0,700,1203,2,1206
region_10,zone_85,district_002,2019,0,276,6,0,283,817,30,848
region_10,zone_85,district_141,2017,0,267,8,1,277,292,139,432
region_10,zone_85,district_141,2018,0,381,10,0,391,420,100,521
region_10,zone_85,district_141,2020,0,370,1,0,371,463,43,506
region_10,zone_85,district_141,2019,0,303,3,0,307,366,5,372
region_10,zone_38,district_148,2018,721,2009,166,91,2989,4274,1255,5530
region_10,zone_38,district_148,2017,155,257,25,41,480,1238,383,1621
region_10,zone_38,district_148,2019,499,2014,200,118,2833,4178,791,4970
region_10,zone_38,district_148,2020,220,834,55,23,1134,2679,444,3123
region_10,zone_38,district_110,2018,25,5325,64,0,5415,4950,27,4977
region_10,zone_38,district_110,2017,27,1247,40,14,1330,3004,344,3348
region_10,zone_38,district_110,2019,0,4111,0,0,4111,4311,133,4445
region_10,zone_38,district_110,2020,30,3591,0,0,3621,4704,161,4865
region_10,zone_73,district_187,2017,48,190,6,8,254,712,101,813
region_10,zone_73,district_187,2018,88,211,18,3,321,1018,99,1118
region_10,zone_73,district_187,2020,18,443,5,15,482,1212,111,1324
region_10,zone_73,district_187,2019,126,683,16,32,858,1556,140,1697
region_10,zone_85,district_239,2017,71,1496,74,31,1674,2019,956,2976
region_10,zone_85,district_239,2018,44,2886,181,68,3181,3696,402,4099
region_10,zone_85,district_239,2020,12,4914,304,33,5264,6249,56,6305
region_10,zone_85,district_239,2019,74,4611,147,42,4874,5764,210,5975
region_10,zone_69,district_233,2018,0,72,3,0,76,160,28,189
region_10,zone_69,district_233,2017,0,103,9,6,120,114,65,179
region_10,zone_69,district_233,2020,0,131,0,0,131,132,3,135
region_10,zone_69,district_233,2019,2,75,1,0,79,103,17,121
region_10,zone_85,district_029,2018,696,493,187,158,1535,1998,345,2344
region_10,zone_85,district_029,2017,768,755,455,460,2439,2227,643,2870
region_10,zone_85,district_029,2020,459,342,94,85,981,1843,160,2003
region_10,zone_85,district_029,2019,502,828,106,121,1558,2001,154,2156
region_09,zone_68,district_209,2018,90,454,20,7,572,987,278,1266
region_09,zone_68,district_209,2017,87,527,19,20,654,961,142,1103
region_09,zone_68,district_209,2020,157,681,54,42,936,1605,679,2285
region_09,zone_68,district_209,2019,150,1116,38,14,1319,1946,397,2343
region_09,zone_68,district_084,2018,17,25,1,0,45,83,21,105
region_09,zone_68,district_084,2017,4,37,2,2,47,84,18,103
region_09,zone_68,district_084,2019,4,59,1,0,65,87,19,106
region_09,zone_68,district_084,2020,0,26,0,0,27,67,20,88
region_09,zone_68,district_063,2018,0,2877,32,12,2921,4789,43,4832
region_09,zone_68,district_063,2017,12,7549,41,29,7632,10062,212,10274
region_09,zone_68,district_063,2019,0,1498,10,8,1517,2430,46,2476
region_09,zone_68,district_063,2020,0,3840,97,0,3938,7524,150,7674
region_09,zone_68,district_082,2017,96,1463,85,19,1665,3274,230,3505
region_09,zone_68,district_082,2018,182,4300,767,30,5280,8662,50,8713
region_09,zone_68,district_082,2020,75,2097,303,26,2502,6607,446,7053
region_09,zone_68,district_082,2019,151,917,81,0,1150,4922,83,5005
region_09,zone_68,district_173,2017,11,29,2,0,44,55,16,72
region_09,zone_68,district_173,2018,5,25,1,0,31,69,8,77
region_09,zone_68,district_173,2020,0,80,0,0,80,126,35,162
region_09,zone_68,district_173,2019,0,36,0,0,37,52,0,52
region_09,zone_68,district_295,2018,62,1842,43,3,1952,2581,346,2928
region_09,zone_68,district_295,2017,92,1187,112,35,1427,1744,570,2314
region_09,zone_68,district_295,2019,14,2420,29,0,2464,3172,10,3182
region_09,zone_68,district_295,2020,4,1707,5,0,1717,2923,81,3004
region_05,zone_19,district_007,2018,546,1828,5,0,2379,2594,899,3494
region_05,zone_19,district_007,2017,3197,1277,58,33,4566,4703,894,5598
region_05,zone_19,district_007,2020,0,4375,0,0,4375,4993,1810,6804
region_05,zone_19,district_007,2019,0,1241,3,0,1244,2393,24,2418
region_05,zone_18,district_288,2017,0,777,38,0,816,897,318,1216
region_05,zone_18,district_288,2018,1,573,1,1,578,826,198,1024
region_05,zone_18,district_288,2019,0,823,24,2,849,1139,282,1421
region_05,zone_18,district_288,2020,0,1007,3,0,1010,1364,118,1483
region_05,zone_19,district_137,2017,16,191,19,0,227,451,78,530
region_05,zone_19,district_137,2018,11,135,14,11,173,311,51,363
region_05,zone_19,district_137,2020,0,365,8,0,374,591,90,682
region_05,zone_19,district_137,2019,12,204,0,0,218,369,85,454
region_05,zone_19,district_244,2017,952,242,28,9,1233,2898,280,3178
region_05,zone_19,district_244,2018,1828,448,77,21,2377,2673,250,2924
region_05,zone_19,district_244,2020,1,1774,38,9,1824,2870,1017,3887
region_05,zone_19,district_244,2019,0,1345,55,0,1400,2603,5,2609
region_02,zone_50,district_124,2018,0,739,6,0,746,1413,62,1476
region_02,zone_50,district_124,2017,11,1428,25,17,1482,1129,125,1255
region_02,zone_50,district_124,2019,0,1572,0,0,1572,1955,0,1955
region_02,zone_50,district_124,2020,0,1626,0,0,1626,1857,131,1988
region_02,zone_09,district_118,2017,81,296,7,3,387,919,131,1050
region_02,zone_09,district_118,2018,149,627,31,4,812,1931,392,2324
region_02,zone_09,district_118,2019,90,727,107,96,1020,1888,521,2410
region_02,zone_09,district_118,2020,43,394,22,13,473,1396,408,1805
region_02,zone_09,district_106,2017,45,843,130,5,1024,1282,51,1334
region_02,zone_09,district_106,2018,35,1018,12,1,1067,1298,14,1312
region_02,zone_09,district_106,2020,0,386,0,0,387,740,25,766
region_02,zone_09,district_106,2019,3,466,9,0,479,940,22,962
region_02,zone_09,district_032,2018,7,106,18,5,138,318,192,510
region_02,zone_09,district_032,2017,10,276,9,7,303,783,126,909
region_02,zone_09,district_032,2019,13,350,45,1,411,526,196,723
region_02,zone_09,district_032,2020,30,565,55,26,677,1166,490,1656
region_02,zone_86,district_023,2018,7,265,0,2,276,476,182,658
region_02,zone_86,district_023,2017,88,1070,5,5,1169,1498,79,1577
region_02,zone_86,district_023,2019,29,589,32,5,657,756,370,1127
region_02,zone_86,district_023,2020,44,1428,23,10,1505,2155,424,2580
region_02,zone_31,district_109,2018,5,345,4,4,360,635,118,754
region_02,zone_31,district_109,2017,6,341,15,4,368,614,66,680
region_02,zone_31,district_109,2019,5,556,15,2,580,800,204,1004
region_02,zone_31,district_109,2020,3,230,12,0,247,469,155,625
region_02,zone_40,district_078,2018,94,1331,26,4,1456,2006,106,2113
region_02,zone_40,district_078,2017,170,594,41,21,826,1185,100,1285
region_02,zone_40,district_078,2020,3,1120,7,0,1131,1279,79,1359
region_02,zone_40,district_078,2019,0,1298,9,1,1309,1446,6,1453
region_02,zone_09,district_248,2018,3,293,24,6,328,714,163,878
region_02,zone_09,district_248,2017,10,556,14,22,604,969,205,1174
region_02,zone_09,district_248,2019,17,532,40,9,599,884,151,1035
region_02,zone_09,district_248,2020,0,895,5,0,900,1151,166,1318
region_02,zone_09,district_031,2018,0,303,8,0,312,639,48,688
region_02,zone_09,district_031,2017,37,1164,23,28,1253,1772,2,1775
region_02,zone_09,district_031,2020,0,576,12,0,589,1026,160,1187
region_02,zone_09,district_031,2019,22,510,36,48,617,964,64,1029
region_02,zone_09,district_196,2017,17,633,12,1,664,1224,91,1316
region_02,zone_09,district_196,2018,5,361,0,0,367,771,35,806
region_02,zone_09,district_196,2020,6,681,27,0,716,1107,51,1159
region_02,zone_09,district_196,2019,0,245,5,0,250,461,9,471
region_02,zone_29,district_156,2018,7,2018,0,0,2026,2416,79,2496
region_02,zone_29,district_156,2017,113,1138,53,33,1339,1846,267,2113
region_02,zone_29,district_156,2019,7,1365,40,0,1413,1811,45,1856
region_02,zone_29,district_156,2020,0,1752,0,0,1752,2379,168,2548
region_02,zone_31,district_166,2018,8,151,0,0,160,354,95,449
region_02,zone_31,district_166,2017,42,175,18,7,243,423,156,579
region_02,zone_31,district_166,2019,4,358,3,0,366,544,79,624
region_02,zone_31,district_166,2020,0,447,1,0,449,693,30,724
region_02,zone_50,district_051,2018,3,27,0,0,32,156,26,182
region_02,zone_50,district_051,2017,8,190,5,5,210,344,26,370
region_02,zone_50,district_051,2019,3,18,3,0,25,122,17,139
region_02,zone_50,district_051,2020,0,139,7,0,147,436,19,455
region_02,zone_31,district_036,2018,0,741,15,0,757,737,13,751
region_02,zone_31,district_036,2017,22,666,10,4,704,723,26,749
region_02,zone_31,district_036,2020,10,678,4,1,694,820,6,827
region_02,zone_31,district_036,2019,1,495,1,0,498,479,11,491
region_06,zone_55,district_219,2017,19,53,2,1,76,126,14,140
region_06,zone_55,district_219,2018,109,151,25,10,297,207,51,259
region_06,zone_55,district_219,2020,37,89,17,2,146,278,125,404
region_06,zone_55,district_219,2019,58,111,22,4,197,182,48,230
region_06,zone_63,district_016,2018,215,336,10,4,566,568,275,844
region_06,zone_63,district_016,2017,154,500,33,2,690,920,281,1201
region_06,zone_63,district_016,2020,15,702,22,0,741,1046,58,1105
region_06,zone_63,district_016,2019,31,437,24,9,503,1075,204,1280
region_06,zone_02,district_188,2018,5,242,14,1,264,340,27,368
region_06,zone_02,district_188,2017,7,189,4,0,201,357,35,393
region_06,zone_02,district_188,2020,3,224,20,0,248,275,25,300
region_06,zone_02,district_188,2019,3,203,17,0,224,214,3,217
region_06,zone_02,district_131,2018,0,361,0,0,362,445,105,550
region_06,zone_02,district_131,2017,19,284,3,0,307,391,112,504
region_06,zone_02,district_131,2019,0,219,0,0,219,297,26,323
region_06,zone_02,district_131,2020,25,242,34,11,313,362,62,424
region_06,zone_63,district_185,2018,11,293,5,1,312,494,115,610
region_06,zone_63,district_185,2017,28,389,9,5,432,656,171,828
region_06,zone_63,district_185,2020,4,417,6,1,429,857,198,1055
region_06,zone_63,district_185,2019,10,414,4,0,430,758,114,873
region_06,zone_43,district_178,2018,5,1052,0,4,1063,1462,9,1472
region_06,zone_43,district_178,2017,23,765,23,7,819,1237,47,1285
region_06,zone_43,district_178,2019,0,1244,3,1,1249,1671,3,1675
region_06,zone_43,district_178,2020,0,1450,0,0,1450,2044,23,2067
region_07,zone_39,district_003,2017,1,21,1,0,25,47,6,54
region_07,zone_39,district_003,2018,0,33,0,0,34,67,12,80
region_07,zone_39,district_003,2020,0,35,4,0,40,54,10,64
region_07,zone_39,district_003,2019,0,25,1,0,27,42,6,49
region_07,zone_39,district_125,2018,175,3274,100,0,3549,4080,933,5014
region_07,zone_39,district_125,2017,234,3975,160,163,4534,5597,619,6217
region_07,zone_39,district_125,2019,142,4581,23,35,4783,5430,439,5870
region_07,zone_39,district_125,2020,97,4743,62,0,4903,6253,368,6621
region_07,zone_39,district_001,2018,15,2759,16,0,2792,3490,129,3619
region_07,zone_39,district_001,2017,150,2238,15,201,2605,3712,134,3847
region_07,zone_39,district_001,2020,3,1608,0,5,1617,2170,76,2247
region_07,zone_39,district_001,2019,3,2173,114,0,2291,2795,19,2814
region_07,zone_39,district_262,2017,15,33,0,2,51,94,14,108
region_07,zone_39,district_262,2018,5,19,0,0,25,74,26,100
region_07,zone_39,district_262,2020,0,15,0,1,16,49,7,56
region_07,zone_39,district_262,2019,2,17,0,0,19,62,14,77
region_01,zone_65,district_205,2017,31,1546,47,2,1628,2548,289,2837
region_01,zone_65,district_205,2018,0,1798,74,6,1880,2341,432,2774
region_01,zone_65,district_205,2019,0,619,75,18,713,1100,164,1264
region_01,zone_65,district_205,2020,0,2847,162,10,3020,3686,291,3977
